<?xml version="1.0"?>
<rdf:RDF xmlns:rdf="http://www.w3.org/1999/02/22-rdf-syntax-ns#"
	xmlns:dc="http://purl.org/dc/elements/1.1/"     
  	xmlns:cwork="http://www.bbc.co.uk/ontologies/creativework/Category"
  	xmlns:dcterms="http://purl.org/dc/terms/title"
 	xmlns:gndo="https://d-nb.info/standards/elementset/gnd"
	xmlns:foaf="http://xmlns.com/foaf/spec/"
	xmlns:npg="http://ns.nature.com/terms/"
	xmlns:lgdo="http://linkedgeodata.org/ontology/Subdivision"
	xmlns:schema="https://schema.org/MusicRecording"
	xmlns:opus="http://lsdis.cs.uga.edu/projects/semdis/opus#year"
	xmlns:music="http://www.kanzaki.com/ns/music#Orchestra=">

<rdf:Description rdf:about="https://www.edmu.fr/p/mozart-symphonie-jupiter.html">
    <dcterms:title>Jupiter </dcterms:title> 
    <rdf:type>oeuvres</rdf:type>
    <cwork:category>symphonie</cwork:category>
    <gndo:composer rdf:nodeID ="A1" />
    <lgdo:subdivision  rdf:nodeID="A2" />
    <schema:musicrecording rdf:nodeID ="A3" />
</rdf:Description>


<rdf:Description  rdf:nodeID="A1">
	<foaf:homepage>https://fr.wikipedia.org/wiki/Wolfgang_Amadeus_Mozart</foaf:homepage>
	<npg:name> Wolfgang Amadeus Mozart </npg:name>
</rdf:Description>

<rdf:Description  rdf:nodeID="A2">
	<npg:name>Allegro Vivace </npg:name>
	<npg:name> Andante Cantabile </npg:name>
	<npg:name>Manuetto </npg:name>
	<npg:name>Molto Allegro </npg:name>
</rdf:Description>


<rdf:Description  rdf:nodeID="A3">
	<lgdo:city> Londres </lgdo:city>
	<opus:year> 1980 </opus:year>
	<gndo:director rdf:nodeID ="A3bis" />
</rdf:Description>

<rdf:Description  rdf:nodeID="A3bis">
	<foaf:homepage>https://fr.wikipedia.org/wiki/Claudio_Abbado</foaf:homepage>
	<npg:name> Claudio Abbado </npg:name>
	<music:orchestra>Orchestre symphonique de Londres </music:orchestra>
</rdf:Description>

</rdf:RDF>


